method,input_dim,scheme,threshold_ratio,ratio_val_acc,adc_bits,weight_bits,timesteps,val_acc,test_acc
bilinear_8x8,64,B,0.3,0.848,6,2,1,0.767,0.7723
bilinear_8x8,64,B,0.3,0.848,6,2,3,0.767,0.7723
bilinear_8x8,64,B,0.3,0.848,6,2,5,0.767,0.7723
bilinear_8x8,64,B,0.3,0.848,6,2,10,0.767,0.7723
bilinear_8x8,64,B,0.3,0.848,6,2,20,0.767,0.7723
bilinear_8x8,64,B,0.3,0.848,6,3,1,0.7812,0.7957
bilinear_8x8,64,B,0.3,0.848,6,3,3,0.7812,0.7957
bilinear_8x8,64,B,0.3,0.848,6,3,5,0.7812,0.7957
bilinear_8x8,64,B,0.3,0.848,6,3,10,0.7812,0.7957
bilinear_8x8,64,B,0.3,0.848,6,3,20,0.7812,0.7957
bilinear_8x8,64,B,0.3,0.848,6,4,1,0.812,0.824
bilinear_8x8,64,B,0.3,0.848,6,4,3,0.812,0.824
bilinear_8x8,64,B,0.3,0.848,6,4,5,0.812,0.824
bilinear_8x8,64,B,0.3,0.848,6,4,10,0.812,0.824
bilinear_8x8,64,B,0.3,0.848,6,4,20,0.812,0.824
bilinear_8x8,64,B,0.3,0.848,6,6,1,0.806,0.8229
bilinear_8x8,64,B,0.3,0.848,6,6,3,0.806,0.8229
bilinear_8x8,64,B,0.3,0.848,6,6,5,0.806,0.8229
bilinear_8x8,64,B,0.3,0.848,6,6,10,0.806,0.8229
bilinear_8x8,64,B,0.3,0.848,6,6,20,0.806,0.8229
bilinear_8x8,64,B,0.3,0.848,6,8,1,0.8074,0.8233
bilinear_8x8,64,B,0.3,0.848,6,8,3,0.8074,0.8233
bilinear_8x8,64,B,0.3,0.848,6,8,5,0.8074,0.8233
bilinear_8x8,64,B,0.3,0.848,6,8,10,0.8074,0.8233
bilinear_8x8,64,B,0.3,0.848,6,8,20,0.8074,0.8233
bilinear_8x8,64,B,0.3,0.848,8,2,1,0.7688,0.7738
bilinear_8x8,64,B,0.3,0.848,8,2,3,0.7688,0.7738
bilinear_8x8,64,B,0.3,0.848,8,2,5,0.7688,0.7738
bilinear_8x8,64,B,0.3,0.848,8,2,10,0.7688,0.7738
bilinear_8x8,64,B,0.3,0.848,8,2,20,0.7688,0.7738
bilinear_8x8,64,B,0.3,0.848,8,3,1,0.7828,0.7979
bilinear_8x8,64,B,0.3,0.848,8,3,3,0.7828,0.7979
bilinear_8x8,64,B,0.3,0.848,8,3,5,0.7828,0.7979
bilinear_8x8,64,B,0.3,0.848,8,3,10,0.7828,0.7979
bilinear_8x8,64,B,0.3,0.848,8,3,20,0.7828,0.7979
bilinear_8x8,64,B,0.3,0.848,8,4,1,0.8142,0.8258
bilinear_8x8,64,B,0.3,0.848,8,4,3,0.8142,0.8258
bilinear_8x8,64,B,0.3,0.848,8,4,5,0.8142,0.8258
bilinear_8x8,64,B,0.3,0.848,8,4,10,0.8142,0.8258
bilinear_8x8,64,B,0.3,0.848,8,4,20,0.8142,0.8258
bilinear_8x8,64,B,0.3,0.848,8,6,1,0.8082,0.8214
bilinear_8x8,64,B,0.3,0.848,8,6,3,0.8082,0.8214
bilinear_8x8,64,B,0.3,0.848,8,6,5,0.8082,0.8214
bilinear_8x8,64,B,0.3,0.848,8,6,10,0.8082,0.8214
bilinear_8x8,64,B,0.3,0.848,8,6,20,0.8082,0.8214
bilinear_8x8,64,B,0.3,0.848,8,8,1,0.8084,0.8227
bilinear_8x8,64,B,0.3,0.848,8,8,3,0.8084,0.8227
bilinear_8x8,64,B,0.3,0.848,8,8,5,0.8084,0.8227
bilinear_8x8,64,B,0.3,0.848,8,8,10,0.8084,0.8227
bilinear_8x8,64,B,0.3,0.848,8,8,20,0.8084,0.8227
bilinear_8x8,64,B,0.3,0.848,10,2,1,0.7682,0.7735
bilinear_8x8,64,B,0.3,0.848,10,2,3,0.7682,0.7735
bilinear_8x8,64,B,0.3,0.848,10,2,5,0.7682,0.7735
bilinear_8x8,64,B,0.3,0.848,10,2,10,0.7682,0.7735
bilinear_8x8,64,B,0.3,0.848,10,2,20,0.7682,0.7735
bilinear_8x8,64,B,0.3,0.848,10,3,1,0.7836,0.798
bilinear_8x8,64,B,0.3,0.848,10,3,3,0.7836,0.798
bilinear_8x8,64,B,0.3,0.848,10,3,5,0.7836,0.798
bilinear_8x8,64,B,0.3,0.848,10,3,10,0.7836,0.798
bilinear_8x8,64,B,0.3,0.848,10,3,20,0.7836,0.798
bilinear_8x8,64,B,0.3,0.848,10,4,1,0.8146,0.8256
bilinear_8x8,64,B,0.3,0.848,10,4,3,0.8146,0.8256
bilinear_8x8,64,B,0.3,0.848,10,4,5,0.8146,0.8256
bilinear_8x8,64,B,0.3,0.848,10,4,10,0.8146,0.8256
bilinear_8x8,64,B,0.3,0.848,10,4,20,0.8146,0.8256
bilinear_8x8,64,B,0.3,0.848,10,6,1,0.8078,0.8209
bilinear_8x8,64,B,0.3,0.848,10,6,3,0.8078,0.8209
bilinear_8x8,64,B,0.3,0.848,10,6,5,0.8078,0.8209
bilinear_8x8,64,B,0.3,0.848,10,6,10,0.8078,0.8209
bilinear_8x8,64,B,0.3,0.848,10,6,20,0.8078,0.8209
bilinear_8x8,64,B,0.3,0.848,10,8,1,0.8086,0.8231
bilinear_8x8,64,B,0.3,0.848,10,8,3,0.8086,0.8231
bilinear_8x8,64,B,0.3,0.848,10,8,5,0.8086,0.8231
bilinear_8x8,64,B,0.3,0.848,10,8,10,0.8086,0.8231
bilinear_8x8,64,B,0.3,0.848,10,8,20,0.8086,0.8231
bilinear_8x8,64,B,0.3,0.848,12,2,1,0.7684,0.7736
bilinear_8x8,64,B,0.3,0.848,12,2,3,0.7684,0.7736
bilinear_8x8,64,B,0.3,0.848,12,2,5,0.7684,0.7736
bilinear_8x8,64,B,0.3,0.848,12,2,10,0.7684,0.7736
bilinear_8x8,64,B,0.3,0.848,12,2,20,0.7684,0.7736
bilinear_8x8,64,B,0.3,0.848,12,3,1,0.783,0.798
bilinear_8x8,64,B,0.3,0.848,12,3,3,0.783,0.798
bilinear_8x8,64,B,0.3,0.848,12,3,5,0.783,0.798
bilinear_8x8,64,B,0.3,0.848,12,3,10,0.783,0.798
bilinear_8x8,64,B,0.3,0.848,12,3,20,0.783,0.798
bilinear_8x8,64,B,0.3,0.848,12,4,1,0.8142,0.8254
bilinear_8x8,64,B,0.3,0.848,12,4,3,0.8142,0.8254
bilinear_8x8,64,B,0.3,0.848,12,4,5,0.8142,0.8254
bilinear_8x8,64,B,0.3,0.848,12,4,10,0.8142,0.8254
bilinear_8x8,64,B,0.3,0.848,12,4,20,0.8142,0.8254
bilinear_8x8,64,B,0.3,0.848,12,6,1,0.8084,0.8208
bilinear_8x8,64,B,0.3,0.848,12,6,3,0.8084,0.8208
bilinear_8x8,64,B,0.3,0.848,12,6,5,0.8084,0.8208
bilinear_8x8,64,B,0.3,0.848,12,6,10,0.8084,0.8208
bilinear_8x8,64,B,0.3,0.848,12,6,20,0.8084,0.8208
bilinear_8x8,64,B,0.3,0.848,12,8,1,0.809,0.8227
bilinear_8x8,64,B,0.3,0.848,12,8,3,0.809,0.8227
bilinear_8x8,64,B,0.3,0.848,12,8,5,0.809,0.8227
bilinear_8x8,64,B,0.3,0.848,12,8,10,0.809,0.8227
bilinear_8x8,64,B,0.3,0.848,12,8,20,0.809,0.8227
nearest_8x8,64,B,0.3,0.847,6,2,1,0.7262,0.7398
nearest_8x8,64,B,0.3,0.847,6,2,3,0.7262,0.7398
nearest_8x8,64,B,0.3,0.847,6,2,5,0.7262,0.7398
nearest_8x8,64,B,0.3,0.847,6,2,10,0.7262,0.7398
nearest_8x8,64,B,0.3,0.847,6,2,20,0.7262,0.7398
nearest_8x8,64,B,0.3,0.847,6,3,1,0.7702,0.776
nearest_8x8,64,B,0.3,0.847,6,3,3,0.7702,0.776
nearest_8x8,64,B,0.3,0.847,6,3,5,0.7702,0.776
nearest_8x8,64,B,0.3,0.847,6,3,10,0.7702,0.776
nearest_8x8,64,B,0.3,0.847,6,3,20,0.7702,0.776
nearest_8x8,64,B,0.3,0.847,6,4,1,0.7966,0.8022
nearest_8x8,64,B,0.3,0.847,6,4,3,0.7966,0.8022
nearest_8x8,64,B,0.3,0.847,6,4,5,0.7966,0.8022
nearest_8x8,64,B,0.3,0.847,6,4,10,0.7966,0.8022
nearest_8x8,64,B,0.3,0.847,6,4,20,0.7966,0.8022
nearest_8x8,64,B,0.3,0.847,6,6,1,0.7902,0.7974
nearest_8x8,64,B,0.3,0.847,6,6,3,0.7902,0.7974
nearest_8x8,64,B,0.3,0.847,6,6,5,0.7902,0.7974
nearest_8x8,64,B,0.3,0.847,6,6,10,0.7902,0.7974
nearest_8x8,64,B,0.3,0.847,6,6,20,0.7902,0.7974
nearest_8x8,64,B,0.3,0.847,6,8,1,0.7904,0.7999
nearest_8x8,64,B,0.3,0.847,6,8,3,0.7904,0.7999
nearest_8x8,64,B,0.3,0.847,6,8,5,0.7904,0.7999
nearest_8x8,64,B,0.3,0.847,6,8,10,0.7904,0.7999
nearest_8x8,64,B,0.3,0.847,6,8,20,0.7904,0.7999
nearest_8x8,64,B,0.3,0.847,8,2,1,0.7294,0.7449
nearest_8x8,64,B,0.3,0.847,8,2,3,0.7294,0.7449
nearest_8x8,64,B,0.3,0.847,8,2,5,0.7294,0.7449
nearest_8x8,64,B,0.3,0.847,8,2,10,0.7294,0.7449
nearest_8x8,64,B,0.3,0.847,8,2,20,0.7294,0.7449
nearest_8x8,64,B,0.3,0.847,8,3,1,0.7716,0.7791
nearest_8x8,64,B,0.3,0.847,8,3,3,0.7716,0.7791
nearest_8x8,64,B,0.3,0.847,8,3,5,0.7716,0.7791
nearest_8x8,64,B,0.3,0.847,8,3,10,0.7716,0.7791
nearest_8x8,64,B,0.3,0.847,8,3,20,0.7716,0.7791
nearest_8x8,64,B,0.3,0.847,8,4,1,0.7944,0.8024
nearest_8x8,64,B,0.3,0.847,8,4,3,0.7944,0.8024
nearest_8x8,64,B,0.3,0.847,8,4,5,0.7944,0.8024
nearest_8x8,64,B,0.3,0.847,8,4,10,0.7944,0.8024
nearest_8x8,64,B,0.3,0.847,8,4,20,0.7944,0.8024
nearest_8x8,64,B,0.3,0.847,8,6,1,0.7902,0.7985
nearest_8x8,64,B,0.3,0.847,8,6,3,0.7902,0.7985
nearest_8x8,64,B,0.3,0.847,8,6,5,0.7902,0.7985
nearest_8x8,64,B,0.3,0.847,8,6,10,0.7902,0.7985
nearest_8x8,64,B,0.3,0.847,8,6,20,0.7902,0.7985
nearest_8x8,64,B,0.3,0.847,8,8,1,0.7912,0.8003
nearest_8x8,64,B,0.3,0.847,8,8,3,0.7912,0.8003
nearest_8x8,64,B,0.3,0.847,8,8,5,0.7912,0.8003
nearest_8x8,64,B,0.3,0.847,8,8,10,0.7912,0.8003
nearest_8x8,64,B,0.3,0.847,8,8,20,0.7912,0.8003
nearest_8x8,64,B,0.3,0.847,10,2,1,0.7292,0.7445
nearest_8x8,64,B,0.3,0.847,10,2,3,0.7292,0.7445
nearest_8x8,64,B,0.3,0.847,10,2,5,0.7292,0.7445
nearest_8x8,64,B,0.3,0.847,10,2,10,0.7292,0.7445
nearest_8x8,64,B,0.3,0.847,10,2,20,0.7292,0.7445
nearest_8x8,64,B,0.3,0.847,10,3,1,0.7714,0.7783
nearest_8x8,64,B,0.3,0.847,10,3,3,0.7714,0.7783
nearest_8x8,64,B,0.3,0.847,10,3,5,0.7714,0.7783
nearest_8x8,64,B,0.3,0.847,10,3,10,0.7714,0.7783
nearest_8x8,64,B,0.3,0.847,10,3,20,0.7714,0.7783
nearest_8x8,64,B,0.3,0.847,10,4,1,0.7958,0.8024
nearest_8x8,64,B,0.3,0.847,10,4,3,0.7958,0.8024
nearest_8x8,64,B,0.3,0.847,10,4,5,0.7958,0.8024
nearest_8x8,64,B,0.3,0.847,10,4,10,0.7958,0.8024
nearest_8x8,64,B,0.3,0.847,10,4,20,0.7958,0.8024
nearest_8x8,64,B,0.3,0.847,10,6,1,0.7908,0.7986
nearest_8x8,64,B,0.3,0.847,10,6,3,0.7908,0.7986
nearest_8x8,64,B,0.3,0.847,10,6,5,0.7908,0.7986
nearest_8x8,64,B,0.3,0.847,10,6,10,0.7908,0.7986
nearest_8x8,64,B,0.3,0.847,10,6,20,0.7908,0.7986
nearest_8x8,64,B,0.3,0.847,10,8,1,0.7924,0.8003
nearest_8x8,64,B,0.3,0.847,10,8,3,0.7924,0.8003
nearest_8x8,64,B,0.3,0.847,10,8,5,0.7924,0.8003
nearest_8x8,64,B,0.3,0.847,10,8,10,0.7924,0.8003
nearest_8x8,64,B,0.3,0.847,10,8,20,0.7924,0.8003
nearest_8x8,64,B,0.3,0.847,12,2,1,0.7288,0.7449
nearest_8x8,64,B,0.3,0.847,12,2,3,0.7288,0.7449
nearest_8x8,64,B,0.3,0.847,12,2,5,0.7288,0.7449
nearest_8x8,64,B,0.3,0.847,12,2,10,0.7288,0.7449
nearest_8x8,64,B,0.3,0.847,12,2,20,0.7288,0.7449
nearest_8x8,64,B,0.3,0.847,12,3,1,0.7718,0.7788
nearest_8x8,64,B,0.3,0.847,12,3,3,0.7718,0.7788
nearest_8x8,64,B,0.3,0.847,12,3,5,0.7718,0.7788
nearest_8x8,64,B,0.3,0.847,12,3,10,0.7718,0.7788
nearest_8x8,64,B,0.3,0.847,12,3,20,0.7718,0.7788
nearest_8x8,64,B,0.3,0.847,12,4,1,0.7958,0.8024
nearest_8x8,64,B,0.3,0.847,12,4,3,0.7958,0.8024
nearest_8x8,64,B,0.3,0.847,12,4,5,0.7958,0.8024
nearest_8x8,64,B,0.3,0.847,12,4,10,0.7958,0.8024
nearest_8x8,64,B,0.3,0.847,12,4,20,0.7958,0.8024
nearest_8x8,64,B,0.3,0.847,12,6,1,0.7908,0.7987
nearest_8x8,64,B,0.3,0.847,12,6,3,0.7908,0.7987
nearest_8x8,64,B,0.3,0.847,12,6,5,0.7908,0.7987
nearest_8x8,64,B,0.3,0.847,12,6,10,0.7908,0.7987
nearest_8x8,64,B,0.3,0.847,12,6,20,0.7908,0.7987
nearest_8x8,64,B,0.3,0.847,12,8,1,0.7926,0.8001
nearest_8x8,64,B,0.3,0.847,12,8,3,0.7926,0.8001
nearest_8x8,64,B,0.3,0.847,12,8,5,0.7926,0.8001
nearest_8x8,64,B,0.3,0.847,12,8,10,0.7926,0.8001
nearest_8x8,64,B,0.3,0.847,12,8,20,0.7926,0.8001
avgpool_8x8,64,B,0.3,0.9015,6,2,1,0.8456,0.855
avgpool_8x8,64,B,0.3,0.9015,6,2,3,0.8456,0.855
avgpool_8x8,64,B,0.3,0.9015,6,2,5,0.8456,0.855
avgpool_8x8,64,B,0.3,0.9015,6,2,10,0.8456,0.855
avgpool_8x8,64,B,0.3,0.9015,6,2,20,0.8456,0.855
avgpool_8x8,64,B,0.3,0.9015,6,3,1,0.862,0.8699
avgpool_8x8,64,B,0.3,0.9015,6,3,3,0.862,0.8699
avgpool_8x8,64,B,0.3,0.9015,6,3,5,0.862,0.8699
avgpool_8x8,64,B,0.3,0.9015,6,3,10,0.862,0.8699
avgpool_8x8,64,B,0.3,0.9015,6,3,20,0.862,0.8699
avgpool_8x8,64,B,0.3,0.9015,6,4,1,0.8676,0.8765
avgpool_8x8,64,B,0.3,0.9015,6,4,3,0.8676,0.8765
avgpool_8x8,64,B,0.3,0.9015,6,4,5,0.8676,0.8765
avgpool_8x8,64,B,0.3,0.9015,6,4,10,0.8676,0.8765
avgpool_8x8,64,B,0.3,0.9015,6,4,20,0.8676,0.8765
avgpool_8x8,64,B,0.3,0.9015,6,6,1,0.8702,0.8785
avgpool_8x8,64,B,0.3,0.9015,6,6,3,0.8702,0.8785
avgpool_8x8,64,B,0.3,0.9015,6,6,5,0.8702,0.8785
avgpool_8x8,64,B,0.3,0.9015,6,6,10,0.8702,0.8785
avgpool_8x8,64,B,0.3,0.9015,6,6,20,0.8702,0.8785
avgpool_8x8,64,B,0.3,0.9015,6,8,1,0.8694,0.8789
avgpool_8x8,64,B,0.3,0.9015,6,8,3,0.8694,0.8789
avgpool_8x8,64,B,0.3,0.9015,6,8,5,0.8694,0.8789
avgpool_8x8,64,B,0.3,0.9015,6,8,10,0.8694,0.8789
avgpool_8x8,64,B,0.3,0.9015,6,8,20,0.8694,0.8789
avgpool_8x8,64,B,0.3,0.9015,8,2,1,0.848,0.8574
avgpool_8x8,64,B,0.3,0.9015,8,2,3,0.848,0.8574
avgpool_8x8,64,B,0.3,0.9015,8,2,5,0.848,0.8574
avgpool_8x8,64,B,0.3,0.9015,8,2,10,0.848,0.8574
avgpool_8x8,64,B,0.3,0.9015,8,2,20,0.848,0.8574
avgpool_8x8,64,B,0.3,0.9015,8,3,1,0.8672,0.8734
avgpool_8x8,64,B,0.3,0.9015,8,3,3,0.8672,0.8734
avgpool_8x8,64,B,0.3,0.9015,8,3,5,0.8672,0.8734
avgpool_8x8,64,B,0.3,0.9015,8,3,10,0.8672,0.8734
avgpool_8x8,64,B,0.3,0.9015,8,3,20,0.8672,0.8734
avgpool_8x8,64,B,0.3,0.9015,8,4,1,0.8692,0.8775
avgpool_8x8,64,B,0.3,0.9015,8,4,3,0.8692,0.8775
avgpool_8x8,64,B,0.3,0.9015,8,4,5,0.8692,0.8775
avgpool_8x8,64,B,0.3,0.9015,8,4,10,0.8692,0.8775
avgpool_8x8,64,B,0.3,0.9015,8,4,20,0.8692,0.8775
avgpool_8x8,64,B,0.3,0.9015,8,6,1,0.8674,0.8803
avgpool_8x8,64,B,0.3,0.9015,8,6,3,0.8674,0.8803
avgpool_8x8,64,B,0.3,0.9015,8,6,5,0.8674,0.8803
avgpool_8x8,64,B,0.3,0.9015,8,6,10,0.8674,0.8803
avgpool_8x8,64,B,0.3,0.9015,8,6,20,0.8674,0.8803
avgpool_8x8,64,B,0.3,0.9015,8,8,1,0.869,0.8811
avgpool_8x8,64,B,0.3,0.9015,8,8,3,0.869,0.8811
avgpool_8x8,64,B,0.3,0.9015,8,8,5,0.869,0.8811
avgpool_8x8,64,B,0.3,0.9015,8,8,10,0.869,0.8811
avgpool_8x8,64,B,0.3,0.9015,8,8,20,0.869,0.8811
avgpool_8x8,64,B,0.3,0.9015,10,2,1,0.8484,0.8566
avgpool_8x8,64,B,0.3,0.9015,10,2,3,0.8484,0.8566
avgpool_8x8,64,B,0.3,0.9015,10,2,5,0.8484,0.8566
avgpool_8x8,64,B,0.3,0.9015,10,2,10,0.8484,0.8566
avgpool_8x8,64,B,0.3,0.9015,10,2,20,0.8484,0.8566
avgpool_8x8,64,B,0.3,0.9015,10,3,1,0.8678,0.8731
avgpool_8x8,64,B,0.3,0.9015,10,3,3,0.8678,0.8731
avgpool_8x8,64,B,0.3,0.9015,10,3,5,0.8678,0.8731
avgpool_8x8,64,B,0.3,0.9015,10,3,10,0.8678,0.8731
avgpool_8x8,64,B,0.3,0.9015,10,3,20,0.8678,0.8731
avgpool_8x8,64,B,0.3,0.9015,10,4,1,0.8688,0.8769
avgpool_8x8,64,B,0.3,0.9015,10,4,3,0.8688,0.8769
avgpool_8x8,64,B,0.3,0.9015,10,4,5,0.8688,0.8769
avgpool_8x8,64,B,0.3,0.9015,10,4,10,0.8688,0.8769
avgpool_8x8,64,B,0.3,0.9015,10,4,20,0.8688,0.8769
avgpool_8x8,64,B,0.3,0.9015,10,6,1,0.8666,0.8805
avgpool_8x8,64,B,0.3,0.9015,10,6,3,0.8666,0.8805
avgpool_8x8,64,B,0.3,0.9015,10,6,5,0.8666,0.8805
avgpool_8x8,64,B,0.3,0.9015,10,6,10,0.8666,0.8805
avgpool_8x8,64,B,0.3,0.9015,10,6,20,0.8666,0.8805
avgpool_8x8,64,B,0.3,0.9015,10,8,1,0.8682,0.8813
avgpool_8x8,64,B,0.3,0.9015,10,8,3,0.8682,0.8813
avgpool_8x8,64,B,0.3,0.9015,10,8,5,0.8682,0.8813
avgpool_8x8,64,B,0.3,0.9015,10,8,10,0.8682,0.8813
avgpool_8x8,64,B,0.3,0.9015,10,8,20,0.8682,0.8813
avgpool_8x8,64,B,0.3,0.9015,12,2,1,0.8484,0.8565
avgpool_8x8,64,B,0.3,0.9015,12,2,3,0.8484,0.8565
avgpool_8x8,64,B,0.3,0.9015,12,2,5,0.8484,0.8565
avgpool_8x8,64,B,0.3,0.9015,12,2,10,0.8484,0.8565
avgpool_8x8,64,B,0.3,0.9015,12,2,20,0.8484,0.8565
avgpool_8x8,64,B,0.3,0.9015,12,3,1,0.8676,0.8732
avgpool_8x8,64,B,0.3,0.9015,12,3,3,0.8676,0.8732
avgpool_8x8,64,B,0.3,0.9015,12,3,5,0.8676,0.8732
avgpool_8x8,64,B,0.3,0.9015,12,3,10,0.8676,0.8732
avgpool_8x8,64,B,0.3,0.9015,12,3,20,0.8676,0.8732
avgpool_8x8,64,B,0.3,0.9015,12,4,1,0.8686,0.8768
avgpool_8x8,64,B,0.3,0.9015,12,4,3,0.8686,0.8768
avgpool_8x8,64,B,0.3,0.9015,12,4,5,0.8686,0.8768
avgpool_8x8,64,B,0.3,0.9015,12,4,10,0.8686,0.8768
avgpool_8x8,64,B,0.3,0.9015,12,4,20,0.8686,0.8768
avgpool_8x8,64,B,0.3,0.9015,12,6,1,0.8664,0.8806
avgpool_8x8,64,B,0.3,0.9015,12,6,3,0.8664,0.8806
avgpool_8x8,64,B,0.3,0.9015,12,6,5,0.8664,0.8806
avgpool_8x8,64,B,0.3,0.9015,12,6,10,0.8664,0.8806
avgpool_8x8,64,B,0.3,0.9015,12,6,20,0.8664,0.8806
avgpool_8x8,64,B,0.3,0.9015,12,8,1,0.8684,0.8815
avgpool_8x8,64,B,0.3,0.9015,12,8,3,0.8684,0.8815
avgpool_8x8,64,B,0.3,0.9015,12,8,5,0.8684,0.8815
avgpool_8x8,64,B,0.3,0.9015,12,8,10,0.8684,0.8815
avgpool_8x8,64,B,0.3,0.9015,12,8,20,0.8684,0.8815
maxpool_8x8,64,B,0.3,0.873,6,2,1,0.6994,0.685
maxpool_8x8,64,B,0.3,0.873,6,2,3,0.6994,0.685
maxpool_8x8,64,B,0.3,0.873,6,2,5,0.6994,0.685
maxpool_8x8,64,B,0.3,0.873,6,2,10,0.6994,0.685
maxpool_8x8,64,B,0.3,0.873,6,2,20,0.6994,0.685
maxpool_8x8,64,B,0.3,0.873,6,3,1,0.8204,0.834
maxpool_8x8,64,B,0.3,0.873,6,3,3,0.8204,0.834
maxpool_8x8,64,B,0.3,0.873,6,3,5,0.8204,0.834
maxpool_8x8,64,B,0.3,0.873,6,3,10,0.8204,0.834
maxpool_8x8,64,B,0.3,0.873,6,3,20,0.8204,0.834
maxpool_8x8,64,B,0.3,0.873,6,4,1,0.8432,0.8493
maxpool_8x8,64,B,0.3,0.873,6,4,3,0.8432,0.8494
maxpool_8x8,64,B,0.3,0.873,6,4,5,0.8432,0.8494
maxpool_8x8,64,B,0.3,0.873,6,4,10,0.8432,0.8494
maxpool_8x8,64,B,0.3,0.873,6,4,20,0.8432,0.8494
maxpool_8x8,64,B,0.3,0.873,6,6,1,0.8226,0.8377
maxpool_8x8,64,B,0.3,0.873,6,6,3,0.8226,0.8377
maxpool_8x8,64,B,0.3,0.873,6,6,5,0.8226,0.8377
maxpool_8x8,64,B,0.3,0.873,6,6,10,0.8226,0.8377
maxpool_8x8,64,B,0.3,0.873,6,6,20,0.8226,0.8377
maxpool_8x8,64,B,0.3,0.873,6,8,1,0.8212,0.837
maxpool_8x8,64,B,0.3,0.873,6,8,3,0.8212,0.837
maxpool_8x8,64,B,0.3,0.873,6,8,5,0.8212,0.837
maxpool_8x8,64,B,0.3,0.873,6,8,10,0.8212,0.837
maxpool_8x8,64,B,0.3,0.873,6,8,20,0.8212,0.837
maxpool_8x8,64,B,0.3,0.873,8,2,1,0.699,0.6826
maxpool_8x8,64,B,0.3,0.873,8,2,3,0.699,0.6826
maxpool_8x8,64,B,0.3,0.873,8,2,5,0.699,0.6826
maxpool_8x8,64,B,0.3,0.873,8,2,10,0.699,0.6826
maxpool_8x8,64,B,0.3,0.873,8,2,20,0.699,0.6826
maxpool_8x8,64,B,0.3,0.873,8,3,1,0.8238,0.8344
maxpool_8x8,64,B,0.3,0.873,8,3,3,0.8238,0.8344
maxpool_8x8,64,B,0.3,0.873,8,3,5,0.8238,0.8344
maxpool_8x8,64,B,0.3,0.873,8,3,10,0.8238,0.8344
maxpool_8x8,64,B,0.3,0.873,8,3,20,0.8238,0.8344
maxpool_8x8,64,B,0.3,0.873,8,4,1,0.8424,0.8515
maxpool_8x8,64,B,0.3,0.873,8,4,3,0.8424,0.8515
maxpool_8x8,64,B,0.3,0.873,8,4,5,0.8424,0.8515
maxpool_8x8,64,B,0.3,0.873,8,4,10,0.8424,0.8515
maxpool_8x8,64,B,0.3,0.873,8,4,20,0.8424,0.8515
maxpool_8x8,64,B,0.3,0.873,8,6,1,0.8242,0.8387
maxpool_8x8,64,B,0.3,0.873,8,6,3,0.8242,0.8387
maxpool_8x8,64,B,0.3,0.873,8,6,5,0.8242,0.8387
maxpool_8x8,64,B,0.3,0.873,8,6,10,0.8242,0.8387
maxpool_8x8,64,B,0.3,0.873,8,6,20,0.8242,0.8387
maxpool_8x8,64,B,0.3,0.873,8,8,1,0.8214,0.8369
maxpool_8x8,64,B,0.3,0.873,8,8,3,0.8214,0.8369
maxpool_8x8,64,B,0.3,0.873,8,8,5,0.8214,0.8369
maxpool_8x8,64,B,0.3,0.873,8,8,10,0.8214,0.8369
maxpool_8x8,64,B,0.3,0.873,8,8,20,0.8214,0.8369
maxpool_8x8,64,B,0.3,0.873,10,2,1,0.6988,0.6829
maxpool_8x8,64,B,0.3,0.873,10,2,3,0.6988,0.6829
maxpool_8x8,64,B,0.3,0.873,10,2,5,0.6988,0.6829
maxpool_8x8,64,B,0.3,0.873,10,2,10,0.6988,0.6829
maxpool_8x8,64,B,0.3,0.873,10,2,20,0.6988,0.6829
maxpool_8x8,64,B,0.3,0.873,10,3,1,0.8234,0.8349
maxpool_8x8,64,B,0.3,0.873,10,3,3,0.8234,0.8349
maxpool_8x8,64,B,0.3,0.873,10,3,5,0.8234,0.8349
maxpool_8x8,64,B,0.3,0.873,10,3,10,0.8234,0.835
maxpool_8x8,64,B,0.3,0.873,10,3,20,0.8234,0.835
maxpool_8x8,64,B,0.3,0.873,10,4,1,0.8416,0.8513
maxpool_8x8,64,B,0.3,0.873,10,4,3,0.8416,0.8513
maxpool_8x8,64,B,0.3,0.873,10,4,5,0.8416,0.8513
maxpool_8x8,64,B,0.3,0.873,10,4,10,0.8416,0.8513
maxpool_8x8,64,B,0.3,0.873,10,4,20,0.8416,0.8513
maxpool_8x8,64,B,0.3,0.873,10,6,1,0.824,0.84
maxpool_8x8,64,B,0.3,0.873,10,6,3,0.824,0.84
maxpool_8x8,64,B,0.3,0.873,10,6,5,0.824,0.84
maxpool_8x8,64,B,0.3,0.873,10,6,10,0.824,0.84
maxpool_8x8,64,B,0.3,0.873,10,6,20,0.824,0.84
maxpool_8x8,64,B,0.3,0.873,10,8,1,0.822,0.838
maxpool_8x8,64,B,0.3,0.873,10,8,3,0.822,0.838
maxpool_8x8,64,B,0.3,0.873,10,8,5,0.822,0.838
maxpool_8x8,64,B,0.3,0.873,10,8,10,0.822,0.838
maxpool_8x8,64,B,0.3,0.873,10,8,20,0.822,0.838
maxpool_8x8,64,B,0.3,0.873,12,2,1,0.6988,0.683
maxpool_8x8,64,B,0.3,0.873,12,2,3,0.6988,0.683
maxpool_8x8,64,B,0.3,0.873,12,2,5,0.6988,0.683
maxpool_8x8,64,B,0.3,0.873,12,2,10,0.6988,0.683
maxpool_8x8,64,B,0.3,0.873,12,2,20,0.6988,0.683
maxpool_8x8,64,B,0.3,0.873,12,3,1,0.823,0.8347
maxpool_8x8,64,B,0.3,0.873,12,3,3,0.823,0.8348
maxpool_8x8,64,B,0.3,0.873,12,3,5,0.823,0.8348
maxpool_8x8,64,B,0.3,0.873,12,3,10,0.823,0.8348
maxpool_8x8,64,B,0.3,0.873,12,3,20,0.823,0.8348
maxpool_8x8,64,B,0.3,0.873,12,4,1,0.8416,0.8515
maxpool_8x8,64,B,0.3,0.873,12,4,3,0.8416,0.8515
maxpool_8x8,64,B,0.3,0.873,12,4,5,0.8416,0.8515
maxpool_8x8,64,B,0.3,0.873,12,4,10,0.8416,0.8515
maxpool_8x8,64,B,0.3,0.873,12,4,20,0.8416,0.8515
maxpool_8x8,64,B,0.3,0.873,12,6,1,0.8246,0.8397
maxpool_8x8,64,B,0.3,0.873,12,6,3,0.8246,0.8397
maxpool_8x8,64,B,0.3,0.873,12,6,5,0.8246,0.8397
maxpool_8x8,64,B,0.3,0.873,12,6,10,0.8246,0.8397
maxpool_8x8,64,B,0.3,0.873,12,6,20,0.8246,0.8397
maxpool_8x8,64,B,0.3,0.873,12,8,1,0.8222,0.8379
maxpool_8x8,64,B,0.3,0.873,12,8,3,0.8222,0.8379
maxpool_8x8,64,B,0.3,0.873,12,8,5,0.8222,0.8379
maxpool_8x8,64,B,0.3,0.873,12,8,10,0.8222,0.8379
maxpool_8x8,64,B,0.3,0.873,12,8,20,0.8222,0.8379
pad32_zero_8x8,64,B,0.3,0.8775,6,2,1,0.8282,0.8346
pad32_zero_8x8,64,B,0.3,0.8775,6,2,3,0.8282,0.8346
pad32_zero_8x8,64,B,0.3,0.8775,6,2,5,0.8282,0.8346
pad32_zero_8x8,64,B,0.3,0.8775,6,2,10,0.8282,0.8346
pad32_zero_8x8,64,B,0.3,0.8775,6,2,20,0.8282,0.8346
pad32_zero_8x8,64,B,0.3,0.8775,6,3,1,0.8508,0.8578
pad32_zero_8x8,64,B,0.3,0.8775,6,3,3,0.8508,0.8578
pad32_zero_8x8,64,B,0.3,0.8775,6,3,5,0.8508,0.8578
pad32_zero_8x8,64,B,0.3,0.8775,6,3,10,0.8508,0.8578
pad32_zero_8x8,64,B,0.3,0.8775,6,3,20,0.8508,0.8578
pad32_zero_8x8,64,B,0.3,0.8775,6,4,1,0.857,0.863
pad32_zero_8x8,64,B,0.3,0.8775,6,4,3,0.857,0.863
pad32_zero_8x8,64,B,0.3,0.8775,6,4,5,0.857,0.863
pad32_zero_8x8,64,B,0.3,0.8775,6,4,10,0.857,0.863
pad32_zero_8x8,64,B,0.3,0.8775,6,4,20,0.857,0.863
pad32_zero_8x8,64,B,0.3,0.8775,6,6,1,0.8534,0.8643
pad32_zero_8x8,64,B,0.3,0.8775,6,6,3,0.8534,0.8643
pad32_zero_8x8,64,B,0.3,0.8775,6,6,5,0.8534,0.8643
pad32_zero_8x8,64,B,0.3,0.8775,6,6,10,0.8534,0.8643
pad32_zero_8x8,64,B,0.3,0.8775,6,6,20,0.8534,0.8643
pad32_zero_8x8,64,B,0.3,0.8775,6,8,1,0.8568,0.8661
pad32_zero_8x8,64,B,0.3,0.8775,6,8,3,0.8568,0.8661
pad32_zero_8x8,64,B,0.3,0.8775,6,8,5,0.8568,0.8661
pad32_zero_8x8,64,B,0.3,0.8775,6,8,10,0.8568,0.8661
pad32_zero_8x8,64,B,0.3,0.8775,6,8,20,0.8568,0.8661
pad32_zero_8x8,64,B,0.3,0.8775,8,2,1,0.8298,0.8348
pad32_zero_8x8,64,B,0.3,0.8775,8,2,3,0.8298,0.8348
pad32_zero_8x8,64,B,0.3,0.8775,8,2,5,0.8298,0.8348
pad32_zero_8x8,64,B,0.3,0.8775,8,2,10,0.8298,0.8348
pad32_zero_8x8,64,B,0.3,0.8775,8,2,20,0.8298,0.8348
pad32_zero_8x8,64,B,0.3,0.8775,8,3,1,0.8488,0.8601
pad32_zero_8x8,64,B,0.3,0.8775,8,3,3,0.849,0.8601
pad32_zero_8x8,64,B,0.3,0.8775,8,3,5,0.849,0.8601
pad32_zero_8x8,64,B,0.3,0.8775,8,3,10,0.849,0.8601
pad32_zero_8x8,64,B,0.3,0.8775,8,3,20,0.849,0.8601
pad32_zero_8x8,64,B,0.3,0.8775,8,4,1,0.8582,0.8636
pad32_zero_8x8,64,B,0.3,0.8775,8,4,3,0.8582,0.8636
pad32_zero_8x8,64,B,0.3,0.8775,8,4,5,0.8582,0.8636
pad32_zero_8x8,64,B,0.3,0.8775,8,4,10,0.8582,0.8636
pad32_zero_8x8,64,B,0.3,0.8775,8,4,20,0.8582,0.8636
pad32_zero_8x8,64,B,0.3,0.8775,8,6,1,0.8532,0.862
pad32_zero_8x8,64,B,0.3,0.8775,8,6,3,0.8532,0.862
pad32_zero_8x8,64,B,0.3,0.8775,8,6,5,0.8532,0.862
pad32_zero_8x8,64,B,0.3,0.8775,8,6,10,0.8532,0.862
pad32_zero_8x8,64,B,0.3,0.8775,8,6,20,0.8532,0.862
pad32_zero_8x8,64,B,0.3,0.8775,8,8,1,0.8584,0.8659
pad32_zero_8x8,64,B,0.3,0.8775,8,8,3,0.8584,0.8659
pad32_zero_8x8,64,B,0.3,0.8775,8,8,5,0.8584,0.8659
pad32_zero_8x8,64,B,0.3,0.8775,8,8,10,0.8584,0.8659
pad32_zero_8x8,64,B,0.3,0.8775,8,8,20,0.8584,0.8659
pad32_zero_8x8,64,B,0.3,0.8775,10,2,1,0.829,0.8342
pad32_zero_8x8,64,B,0.3,0.8775,10,2,3,0.829,0.8342
pad32_zero_8x8,64,B,0.3,0.8775,10,2,5,0.829,0.8342
pad32_zero_8x8,64,B,0.3,0.8775,10,2,10,0.829,0.8342
pad32_zero_8x8,64,B,0.3,0.8775,10,2,20,0.829,0.8342
pad32_zero_8x8,64,B,0.3,0.8775,10,3,1,0.849,0.8601
pad32_zero_8x8,64,B,0.3,0.8775,10,3,3,0.849,0.8601
pad32_zero_8x8,64,B,0.3,0.8775,10,3,5,0.849,0.8601
pad32_zero_8x8,64,B,0.3,0.8775,10,3,10,0.849,0.8601
pad32_zero_8x8,64,B,0.3,0.8775,10,3,20,0.849,0.8601
pad32_zero_8x8,64,B,0.3,0.8775,10,4,1,0.8584,0.8641
pad32_zero_8x8,64,B,0.3,0.8775,10,4,3,0.8584,0.8641
pad32_zero_8x8,64,B,0.3,0.8775,10,4,5,0.8584,0.8641
pad32_zero_8x8,64,B,0.3,0.8775,10,4,10,0.8584,0.8641
pad32_zero_8x8,64,B,0.3,0.8775,10,4,20,0.8584,0.8641
pad32_zero_8x8,64,B,0.3,0.8775,10,6,1,0.8536,0.8625
pad32_zero_8x8,64,B,0.3,0.8775,10,6,3,0.8536,0.8625
pad32_zero_8x8,64,B,0.3,0.8775,10,6,5,0.8536,0.8625
pad32_zero_8x8,64,B,0.3,0.8775,10,6,10,0.8536,0.8625
pad32_zero_8x8,64,B,0.3,0.8775,10,6,20,0.8536,0.8625
pad32_zero_8x8,64,B,0.3,0.8775,10,8,1,0.8584,0.8661
pad32_zero_8x8,64,B,0.3,0.8775,10,8,3,0.8584,0.8661
pad32_zero_8x8,64,B,0.3,0.8775,10,8,5,0.8584,0.8661
pad32_zero_8x8,64,B,0.3,0.8775,10,8,10,0.8584,0.8661
pad32_zero_8x8,64,B,0.3,0.8775,10,8,20,0.8584,0.8661
pad32_zero_8x8,64,B,0.3,0.8775,12,2,1,0.8292,0.8343
pad32_zero_8x8,64,B,0.3,0.8775,12,2,3,0.8292,0.8343
pad32_zero_8x8,64,B,0.3,0.8775,12,2,5,0.8292,0.8343
pad32_zero_8x8,64,B,0.3,0.8775,12,2,10,0.8292,0.8343
pad32_zero_8x8,64,B,0.3,0.8775,12,2,20,0.8292,0.8343
pad32_zero_8x8,64,B,0.3,0.8775,12,3,1,0.849,0.8601
pad32_zero_8x8,64,B,0.3,0.8775,12,3,3,0.849,0.8601
pad32_zero_8x8,64,B,0.3,0.8775,12,3,5,0.849,0.8601
pad32_zero_8x8,64,B,0.3,0.8775,12,3,10,0.849,0.8601
pad32_zero_8x8,64,B,0.3,0.8775,12,3,20,0.849,0.8601
pad32_zero_8x8,64,B,0.3,0.8775,12,4,1,0.858,0.8642
pad32_zero_8x8,64,B,0.3,0.8775,12,4,3,0.858,0.8642
pad32_zero_8x8,64,B,0.3,0.8775,12,4,5,0.858,0.8642
pad32_zero_8x8,64,B,0.3,0.8775,12,4,10,0.858,0.8642
pad32_zero_8x8,64,B,0.3,0.8775,12,4,20,0.858,0.8642
pad32_zero_8x8,64,B,0.3,0.8775,12,6,1,0.8538,0.8627
pad32_zero_8x8,64,B,0.3,0.8775,12,6,3,0.8538,0.8627
pad32_zero_8x8,64,B,0.3,0.8775,12,6,5,0.8538,0.8627
pad32_zero_8x8,64,B,0.3,0.8775,12,6,10,0.8538,0.8627
pad32_zero_8x8,64,B,0.3,0.8775,12,6,20,0.8538,0.8627
pad32_zero_8x8,64,B,0.3,0.8775,12,8,1,0.8586,0.8662
pad32_zero_8x8,64,B,0.3,0.8775,12,8,3,0.8586,0.8662
pad32_zero_8x8,64,B,0.3,0.8775,12,8,5,0.8586,0.8662
pad32_zero_8x8,64,B,0.3,0.8775,12,8,10,0.8586,0.8662
pad32_zero_8x8,64,B,0.3,0.8775,12,8,20,0.8586,0.8662
pad32_replicate_8x8,64,B,0.3,0.875,6,2,1,0.8278,0.8343
pad32_replicate_8x8,64,B,0.3,0.875,6,2,3,0.8278,0.8343
pad32_replicate_8x8,64,B,0.3,0.875,6,2,5,0.8278,0.8343
pad32_replicate_8x8,64,B,0.3,0.875,6,2,10,0.8278,0.8343
pad32_replicate_8x8,64,B,0.3,0.875,6,2,20,0.8278,0.8343
pad32_replicate_8x8,64,B,0.3,0.875,6,3,1,0.8518,0.8608
pad32_replicate_8x8,64,B,0.3,0.875,6,3,3,0.8518,0.8608
pad32_replicate_8x8,64,B,0.3,0.875,6,3,5,0.8518,0.8608
pad32_replicate_8x8,64,B,0.3,0.875,6,3,10,0.8518,0.8608
pad32_replicate_8x8,64,B,0.3,0.875,6,3,20,0.8518,0.8608
pad32_replicate_8x8,64,B,0.3,0.875,6,4,1,0.8512,0.8473
pad32_replicate_8x8,64,B,0.3,0.875,6,4,3,0.8512,0.8473
pad32_replicate_8x8,64,B,0.3,0.875,6,4,5,0.8512,0.8473
pad32_replicate_8x8,64,B,0.3,0.875,6,4,10,0.8512,0.8473
pad32_replicate_8x8,64,B,0.3,0.875,6,4,20,0.8512,0.8473
pad32_replicate_8x8,64,B,0.3,0.875,6,6,1,0.8602,0.8685
pad32_replicate_8x8,64,B,0.3,0.875,6,6,3,0.8602,0.8685
pad32_replicate_8x8,64,B,0.3,0.875,6,6,5,0.8602,0.8685
pad32_replicate_8x8,64,B,0.3,0.875,6,6,10,0.8602,0.8685
pad32_replicate_8x8,64,B,0.3,0.875,6,6,20,0.8602,0.8685
pad32_replicate_8x8,64,B,0.3,0.875,6,8,1,0.86,0.8688
pad32_replicate_8x8,64,B,0.3,0.875,6,8,3,0.86,0.8688
pad32_replicate_8x8,64,B,0.3,0.875,6,8,5,0.86,0.8688
pad32_replicate_8x8,64,B,0.3,0.875,6,8,10,0.86,0.8688
pad32_replicate_8x8,64,B,0.3,0.875,6,8,20,0.86,0.8688
pad32_replicate_8x8,64,B,0.3,0.875,8,2,1,0.8296,0.8336
pad32_replicate_8x8,64,B,0.3,0.875,8,2,3,0.8296,0.8336
pad32_replicate_8x8,64,B,0.3,0.875,8,2,5,0.8296,0.8336
pad32_replicate_8x8,64,B,0.3,0.875,8,2,10,0.8296,0.8336
pad32_replicate_8x8,64,B,0.3,0.875,8,2,20,0.8296,0.8336
pad32_replicate_8x8,64,B,0.3,0.875,8,3,1,0.8488,0.8608
pad32_replicate_8x8,64,B,0.3,0.875,8,3,3,0.8488,0.8608
pad32_replicate_8x8,64,B,0.3,0.875,8,3,5,0.8488,0.8608
pad32_replicate_8x8,64,B,0.3,0.875,8,3,10,0.8488,0.8608
pad32_replicate_8x8,64,B,0.3,0.875,8,3,20,0.8488,0.8608
pad32_replicate_8x8,64,B,0.3,0.875,8,4,1,0.8488,0.8496
pad32_replicate_8x8,64,B,0.3,0.875,8,4,3,0.8488,0.8496
pad32_replicate_8x8,64,B,0.3,0.875,8,4,5,0.8488,0.8496
pad32_replicate_8x8,64,B,0.3,0.875,8,4,10,0.8488,0.8496
pad32_replicate_8x8,64,B,0.3,0.875,8,4,20,0.8488,0.8496
pad32_replicate_8x8,64,B,0.3,0.875,8,6,1,0.857,0.8684
pad32_replicate_8x8,64,B,0.3,0.875,8,6,3,0.857,0.8684
pad32_replicate_8x8,64,B,0.3,0.875,8,6,5,0.857,0.8684
pad32_replicate_8x8,64,B,0.3,0.875,8,6,10,0.857,0.8684
pad32_replicate_8x8,64,B,0.3,0.875,8,6,20,0.857,0.8684
pad32_replicate_8x8,64,B,0.3,0.875,8,8,1,0.8606,0.8689
pad32_replicate_8x8,64,B,0.3,0.875,8,8,3,0.8606,0.8689
pad32_replicate_8x8,64,B,0.3,0.875,8,8,5,0.8606,0.8689
pad32_replicate_8x8,64,B,0.3,0.875,8,8,10,0.8606,0.8689
pad32_replicate_8x8,64,B,0.3,0.875,8,8,20,0.8606,0.8689
pad32_replicate_8x8,64,B,0.3,0.875,10,2,1,0.8286,0.8335
pad32_replicate_8x8,64,B,0.3,0.875,10,2,3,0.8286,0.8335
pad32_replicate_8x8,64,B,0.3,0.875,10,2,5,0.8286,0.8335
pad32_replicate_8x8,64,B,0.3,0.875,10,2,10,0.8286,0.8335
pad32_replicate_8x8,64,B,0.3,0.875,10,2,20,0.8286,0.8335
pad32_replicate_8x8,64,B,0.3,0.875,10,3,1,0.8498,0.8611
pad32_replicate_8x8,64,B,0.3,0.875,10,3,3,0.8498,0.8611
pad32_replicate_8x8,64,B,0.3,0.875,10,3,5,0.8498,0.8611
pad32_replicate_8x8,64,B,0.3,0.875,10,3,10,0.8498,0.8611
pad32_replicate_8x8,64,B,0.3,0.875,10,3,20,0.8498,0.8611
pad32_replicate_8x8,64,B,0.3,0.875,10,4,1,0.8474,0.8491
pad32_replicate_8x8,64,B,0.3,0.875,10,4,3,0.8474,0.8491
pad32_replicate_8x8,64,B,0.3,0.875,10,4,5,0.8474,0.8491
pad32_replicate_8x8,64,B,0.3,0.875,10,4,10,0.8474,0.8491
pad32_replicate_8x8,64,B,0.3,0.875,10,4,20,0.8474,0.8491
pad32_replicate_8x8,64,B,0.3,0.875,10,6,1,0.8582,0.8686
pad32_replicate_8x8,64,B,0.3,0.875,10,6,3,0.8582,0.8686
pad32_replicate_8x8,64,B,0.3,0.875,10,6,5,0.8582,0.8686
pad32_replicate_8x8,64,B,0.3,0.875,10,6,10,0.8582,0.8686
pad32_replicate_8x8,64,B,0.3,0.875,10,6,20,0.8582,0.8686
pad32_replicate_8x8,64,B,0.3,0.875,10,8,1,0.8604,0.8683
pad32_replicate_8x8,64,B,0.3,0.875,10,8,3,0.8604,0.8683
pad32_replicate_8x8,64,B,0.3,0.875,10,8,5,0.8604,0.8683
pad32_replicate_8x8,64,B,0.3,0.875,10,8,10,0.8604,0.8683
pad32_replicate_8x8,64,B,0.3,0.875,10,8,20,0.8604,0.8683
pad32_replicate_8x8,64,B,0.3,0.875,12,2,1,0.829,0.8335
pad32_replicate_8x8,64,B,0.3,0.875,12,2,3,0.829,0.8335
pad32_replicate_8x8,64,B,0.3,0.875,12,2,5,0.829,0.8335
pad32_replicate_8x8,64,B,0.3,0.875,12,2,10,0.829,0.8335
pad32_replicate_8x8,64,B,0.3,0.875,12,2,20,0.829,0.8335
pad32_replicate_8x8,64,B,0.3,0.875,12,3,1,0.8498,0.8611
pad32_replicate_8x8,64,B,0.3,0.875,12,3,3,0.8498,0.8611
pad32_replicate_8x8,64,B,0.3,0.875,12,3,5,0.8498,0.8611
pad32_replicate_8x8,64,B,0.3,0.875,12,3,10,0.8498,0.8611
pad32_replicate_8x8,64,B,0.3,0.875,12,3,20,0.8498,0.8611
pad32_replicate_8x8,64,B,0.3,0.875,12,4,1,0.8472,0.8491
pad32_replicate_8x8,64,B,0.3,0.875,12,4,3,0.8472,0.8491
pad32_replicate_8x8,64,B,0.3,0.875,12,4,5,0.8472,0.8491
pad32_replicate_8x8,64,B,0.3,0.875,12,4,10,0.8472,0.8491
pad32_replicate_8x8,64,B,0.3,0.875,12,4,20,0.8472,0.8491
pad32_replicate_8x8,64,B,0.3,0.875,12,6,1,0.8578,0.8686
pad32_replicate_8x8,64,B,0.3,0.875,12,6,3,0.8578,0.8686
pad32_replicate_8x8,64,B,0.3,0.875,12,6,5,0.8578,0.8686
pad32_replicate_8x8,64,B,0.3,0.875,12,6,10,0.8578,0.8686
pad32_replicate_8x8,64,B,0.3,0.875,12,6,20,0.8578,0.8686
pad32_replicate_8x8,64,B,0.3,0.875,12,8,1,0.8598,0.8687
pad32_replicate_8x8,64,B,0.3,0.875,12,8,3,0.8598,0.8687
pad32_replicate_8x8,64,B,0.3,0.875,12,8,5,0.8598,0.8687
pad32_replicate_8x8,64,B,0.3,0.875,12,8,10,0.8598,0.8687
pad32_replicate_8x8,64,B,0.3,0.875,12,8,20,0.8598,0.8687
pad32_reflect_8x8,64,B,0.3,0.865,6,2,1,0.7918,0.7987
pad32_reflect_8x8,64,B,0.3,0.865,6,2,3,0.7918,0.7987
pad32_reflect_8x8,64,B,0.3,0.865,6,2,5,0.7918,0.7987
pad32_reflect_8x8,64,B,0.3,0.865,6,2,10,0.7918,0.7987
pad32_reflect_8x8,64,B,0.3,0.865,6,2,20,0.7918,0.7987
pad32_reflect_8x8,64,B,0.3,0.865,6,3,1,0.8438,0.8596
pad32_reflect_8x8,64,B,0.3,0.865,6,3,3,0.8438,0.8596
pad32_reflect_8x8,64,B,0.3,0.865,6,3,5,0.8438,0.8596
pad32_reflect_8x8,64,B,0.3,0.865,6,3,10,0.8438,0.8596
pad32_reflect_8x8,64,B,0.3,0.865,6,3,20,0.8438,0.8596
pad32_reflect_8x8,64,B,0.3,0.865,6,4,1,0.8494,0.8542
pad32_reflect_8x8,64,B,0.3,0.865,6,4,3,0.8494,0.8542
pad32_reflect_8x8,64,B,0.3,0.865,6,4,5,0.8494,0.8542
pad32_reflect_8x8,64,B,0.3,0.865,6,4,10,0.8494,0.8542
pad32_reflect_8x8,64,B,0.3,0.865,6,4,20,0.8494,0.8542
pad32_reflect_8x8,64,B,0.3,0.865,6,6,1,0.8604,0.8687
pad32_reflect_8x8,64,B,0.3,0.865,6,6,3,0.8604,0.8687
pad32_reflect_8x8,64,B,0.3,0.865,6,6,5,0.8604,0.8687
pad32_reflect_8x8,64,B,0.3,0.865,6,6,10,0.8604,0.8687
pad32_reflect_8x8,64,B,0.3,0.865,6,6,20,0.8604,0.8687
pad32_reflect_8x8,64,B,0.3,0.865,6,8,1,0.8594,0.8692
pad32_reflect_8x8,64,B,0.3,0.865,6,8,3,0.8594,0.8692
pad32_reflect_8x8,64,B,0.3,0.865,6,8,5,0.8594,0.8692
pad32_reflect_8x8,64,B,0.3,0.865,6,8,10,0.8594,0.8692
pad32_reflect_8x8,64,B,0.3,0.865,6,8,20,0.8594,0.8692
pad32_reflect_8x8,64,B,0.3,0.865,8,2,1,0.7906,0.7966
pad32_reflect_8x8,64,B,0.3,0.865,8,2,3,0.7906,0.7966
pad32_reflect_8x8,64,B,0.3,0.865,8,2,5,0.7906,0.7966
pad32_reflect_8x8,64,B,0.3,0.865,8,2,10,0.7906,0.7966
pad32_reflect_8x8,64,B,0.3,0.865,8,2,20,0.7906,0.7966
pad32_reflect_8x8,64,B,0.3,0.865,8,3,1,0.8458,0.8599
pad32_reflect_8x8,64,B,0.3,0.865,8,3,3,0.8458,0.8599
pad32_reflect_8x8,64,B,0.3,0.865,8,3,5,0.8458,0.8599
pad32_reflect_8x8,64,B,0.3,0.865,8,3,10,0.8458,0.8599
pad32_reflect_8x8,64,B,0.3,0.865,8,3,20,0.8458,0.8599
pad32_reflect_8x8,64,B,0.3,0.865,8,4,1,0.8506,0.8556
pad32_reflect_8x8,64,B,0.3,0.865,8,4,3,0.8506,0.8556
pad32_reflect_8x8,64,B,0.3,0.865,8,4,5,0.8506,0.8556
pad32_reflect_8x8,64,B,0.3,0.865,8,4,10,0.8506,0.8556
pad32_reflect_8x8,64,B,0.3,0.865,8,4,20,0.8506,0.8556
pad32_reflect_8x8,64,B,0.3,0.865,8,6,1,0.8604,0.8697
pad32_reflect_8x8,64,B,0.3,0.865,8,6,3,0.8604,0.8697
pad32_reflect_8x8,64,B,0.3,0.865,8,6,5,0.8604,0.8697
pad32_reflect_8x8,64,B,0.3,0.865,8,6,10,0.8604,0.8697
pad32_reflect_8x8,64,B,0.3,0.865,8,6,20,0.8604,0.8697
pad32_reflect_8x8,64,B,0.3,0.865,8,8,1,0.8608,0.8705
pad32_reflect_8x8,64,B,0.3,0.865,8,8,3,0.8608,0.8706
pad32_reflect_8x8,64,B,0.3,0.865,8,8,5,0.8608,0.8706
pad32_reflect_8x8,64,B,0.3,0.865,8,8,10,0.8608,0.8706
pad32_reflect_8x8,64,B,0.3,0.865,8,8,20,0.8608,0.8706
pad32_reflect_8x8,64,B,0.3,0.865,10,2,1,0.7902,0.7961
pad32_reflect_8x8,64,B,0.3,0.865,10,2,3,0.7902,0.7961
pad32_reflect_8x8,64,B,0.3,0.865,10,2,5,0.7902,0.7961
pad32_reflect_8x8,64,B,0.3,0.865,10,2,10,0.7902,0.7961
pad32_reflect_8x8,64,B,0.3,0.865,10,2,20,0.7902,0.7961
pad32_reflect_8x8,64,B,0.3,0.865,10,3,1,0.846,0.8599
pad32_reflect_8x8,64,B,0.3,0.865,10,3,3,0.846,0.8599
pad32_reflect_8x8,64,B,0.3,0.865,10,3,5,0.846,0.8599
pad32_reflect_8x8,64,B,0.3,0.865,10,3,10,0.846,0.8599
pad32_reflect_8x8,64,B,0.3,0.865,10,3,20,0.846,0.8599
pad32_reflect_8x8,64,B,0.3,0.865,10,4,1,0.8512,0.8561
pad32_reflect_8x8,64,B,0.3,0.865,10,4,3,0.8512,0.8561
pad32_reflect_8x8,64,B,0.3,0.865,10,4,5,0.8512,0.8561
pad32_reflect_8x8,64,B,0.3,0.865,10,4,10,0.8512,0.8561
pad32_reflect_8x8,64,B,0.3,0.865,10,4,20,0.8512,0.8561
pad32_reflect_8x8,64,B,0.3,0.865,10,6,1,0.8614,0.8697
pad32_reflect_8x8,64,B,0.3,0.865,10,6,3,0.8614,0.8697
pad32_reflect_8x8,64,B,0.3,0.865,10,6,5,0.8614,0.8697
pad32_reflect_8x8,64,B,0.3,0.865,10,6,10,0.8614,0.8697
pad32_reflect_8x8,64,B,0.3,0.865,10,6,20,0.8614,0.8697
pad32_reflect_8x8,64,B,0.3,0.865,10,8,1,0.861,0.8707
pad32_reflect_8x8,64,B,0.3,0.865,10,8,3,0.861,0.8707
pad32_reflect_8x8,64,B,0.3,0.865,10,8,5,0.861,0.8707
pad32_reflect_8x8,64,B,0.3,0.865,10,8,10,0.861,0.8707
pad32_reflect_8x8,64,B,0.3,0.865,10,8,20,0.861,0.8707
pad32_reflect_8x8,64,B,0.3,0.865,12,2,1,0.7902,0.7964
pad32_reflect_8x8,64,B,0.3,0.865,12,2,3,0.7902,0.7964
pad32_reflect_8x8,64,B,0.3,0.865,12,2,5,0.7902,0.7964
pad32_reflect_8x8,64,B,0.3,0.865,12,2,10,0.7902,0.7964
pad32_reflect_8x8,64,B,0.3,0.865,12,2,20,0.7902,0.7964
pad32_reflect_8x8,64,B,0.3,0.865,12,3,1,0.8458,0.8596
pad32_reflect_8x8,64,B,0.3,0.865,12,3,3,0.8458,0.8596
pad32_reflect_8x8,64,B,0.3,0.865,12,3,5,0.8458,0.8596
pad32_reflect_8x8,64,B,0.3,0.865,12,3,10,0.8458,0.8596
pad32_reflect_8x8,64,B,0.3,0.865,12,3,20,0.8458,0.8596
pad32_reflect_8x8,64,B,0.3,0.865,12,4,1,0.8508,0.8561
pad32_reflect_8x8,64,B,0.3,0.865,12,4,3,0.8508,0.8561
pad32_reflect_8x8,64,B,0.3,0.865,12,4,5,0.8508,0.8561
pad32_reflect_8x8,64,B,0.3,0.865,12,4,10,0.8508,0.8561
pad32_reflect_8x8,64,B,0.3,0.865,12,4,20,0.8508,0.8561
pad32_reflect_8x8,64,B,0.3,0.865,12,6,1,0.862,0.8698
pad32_reflect_8x8,64,B,0.3,0.865,12,6,3,0.862,0.8698
pad32_reflect_8x8,64,B,0.3,0.865,12,6,5,0.862,0.8698
pad32_reflect_8x8,64,B,0.3,0.865,12,6,10,0.862,0.8698
pad32_reflect_8x8,64,B,0.3,0.865,12,6,20,0.862,0.8698
pad32_reflect_8x8,64,B,0.3,0.865,12,8,1,0.8612,0.8707
pad32_reflect_8x8,64,B,0.3,0.865,12,8,3,0.8612,0.8707
pad32_reflect_8x8,64,B,0.3,0.865,12,8,5,0.8612,0.8707
pad32_reflect_8x8,64,B,0.3,0.865,12,8,10,0.8612,0.8707
pad32_reflect_8x8,64,B,0.3,0.865,12,8,20,0.8612,0.8707
proj_pca_64,64,B,0.3,0.1505,6,2,1,0.105,0.1049
proj_pca_64,64,B,0.3,0.1505,6,2,3,0.1044,0.1029
proj_pca_64,64,B,0.3,0.1505,6,2,5,0.1044,0.1029
proj_pca_64,64,B,0.3,0.1505,6,2,10,0.1044,0.1028
proj_pca_64,64,B,0.3,0.1505,6,2,20,0.1044,0.1028
proj_pca_64,64,B,0.3,0.1505,6,3,1,0.1352,0.1345
proj_pca_64,64,B,0.3,0.1505,6,3,3,0.1352,0.1345
proj_pca_64,64,B,0.3,0.1505,6,3,5,0.1352,0.1345
proj_pca_64,64,B,0.3,0.1505,6,3,10,0.1352,0.1345
proj_pca_64,64,B,0.3,0.1505,6,3,20,0.1352,0.1345
proj_pca_64,64,B,0.3,0.1505,6,4,1,0.1226,0.1303
proj_pca_64,64,B,0.3,0.1505,6,4,3,0.1226,0.1303
proj_pca_64,64,B,0.3,0.1505,6,4,5,0.1226,0.1303
proj_pca_64,64,B,0.3,0.1505,6,4,10,0.1226,0.1303
proj_pca_64,64,B,0.3,0.1505,6,4,20,0.1226,0.1303
proj_pca_64,64,B,0.3,0.1505,6,6,1,0.1878,0.1853
proj_pca_64,64,B,0.3,0.1505,6,6,3,0.1878,0.1853
proj_pca_64,64,B,0.3,0.1505,6,6,5,0.1878,0.1853
proj_pca_64,64,B,0.3,0.1505,6,6,10,0.1878,0.1853
proj_pca_64,64,B,0.3,0.1505,6,6,20,0.1878,0.1853
proj_pca_64,64,B,0.3,0.1505,6,8,1,0.1668,0.1662
proj_pca_64,64,B,0.3,0.1505,6,8,3,0.1668,0.1662
proj_pca_64,64,B,0.3,0.1505,6,8,5,0.1668,0.1662
proj_pca_64,64,B,0.3,0.1505,6,8,10,0.1668,0.1662
proj_pca_64,64,B,0.3,0.1505,6,8,20,0.1668,0.1662
proj_pca_64,64,B,0.3,0.1505,8,2,1,0.105,0.1049
proj_pca_64,64,B,0.3,0.1505,8,2,3,0.1044,0.1029
proj_pca_64,64,B,0.3,0.1505,8,2,5,0.1044,0.1029
proj_pca_64,64,B,0.3,0.1505,8,2,10,0.1044,0.1028
proj_pca_64,64,B,0.3,0.1505,8,2,20,0.1044,0.1028
proj_pca_64,64,B,0.3,0.1505,8,3,1,0.1366,0.1338
proj_pca_64,64,B,0.3,0.1505,8,3,3,0.1366,0.1338
proj_pca_64,64,B,0.3,0.1505,8,3,5,0.1366,0.1338
proj_pca_64,64,B,0.3,0.1505,8,3,10,0.1366,0.1338
proj_pca_64,64,B,0.3,0.1505,8,3,20,0.1366,0.1338
proj_pca_64,64,B,0.3,0.1505,8,4,1,0.1278,0.1335
proj_pca_64,64,B,0.3,0.1505,8,4,3,0.1278,0.1335
proj_pca_64,64,B,0.3,0.1505,8,4,5,0.1278,0.1335
proj_pca_64,64,B,0.3,0.1505,8,4,10,0.1278,0.1335
proj_pca_64,64,B,0.3,0.1505,8,4,20,0.1278,0.1335
proj_pca_64,64,B,0.3,0.1505,8,6,1,0.1902,0.1864
proj_pca_64,64,B,0.3,0.1505,8,6,3,0.1902,0.1864
proj_pca_64,64,B,0.3,0.1505,8,6,5,0.1902,0.1864
proj_pca_64,64,B,0.3,0.1505,8,6,10,0.1902,0.1864
proj_pca_64,64,B,0.3,0.1505,8,6,20,0.1902,0.1864
proj_pca_64,64,B,0.3,0.1505,8,8,1,0.1702,0.1727
proj_pca_64,64,B,0.3,0.1505,8,8,3,0.1702,0.1727
proj_pca_64,64,B,0.3,0.1505,8,8,5,0.1702,0.1727
proj_pca_64,64,B,0.3,0.1505,8,8,10,0.1702,0.1727
proj_pca_64,64,B,0.3,0.1505,8,8,20,0.1702,0.1727
proj_pca_64,64,B,0.3,0.1505,10,2,1,0.105,0.1049
proj_pca_64,64,B,0.3,0.1505,10,2,3,0.1044,0.1029
proj_pca_64,64,B,0.3,0.1505,10,2,5,0.1044,0.1029
proj_pca_64,64,B,0.3,0.1505,10,2,10,0.1044,0.1028
proj_pca_64,64,B,0.3,0.1505,10,2,20,0.1044,0.1028
proj_pca_64,64,B,0.3,0.1505,10,3,1,0.1364,0.134
proj_pca_64,64,B,0.3,0.1505,10,3,3,0.1364,0.134
proj_pca_64,64,B,0.3,0.1505,10,3,5,0.1364,0.134
proj_pca_64,64,B,0.3,0.1505,10,3,10,0.1364,0.134
proj_pca_64,64,B,0.3,0.1505,10,3,20,0.1364,0.134
proj_pca_64,64,B,0.3,0.1505,10,4,1,0.1254,0.1317
proj_pca_64,64,B,0.3,0.1505,10,4,3,0.1254,0.1317
proj_pca_64,64,B,0.3,0.1505,10,4,5,0.1254,0.1317
proj_pca_64,64,B,0.3,0.1505,10,4,10,0.1254,0.1317
proj_pca_64,64,B,0.3,0.1505,10,4,20,0.1254,0.1317
proj_pca_64,64,B,0.3,0.1505,10,6,1,0.192,0.1881
proj_pca_64,64,B,0.3,0.1505,10,6,3,0.192,0.1881
proj_pca_64,64,B,0.3,0.1505,10,6,5,0.192,0.1881
proj_pca_64,64,B,0.3,0.1505,10,6,10,0.192,0.1881
proj_pca_64,64,B,0.3,0.1505,10,6,20,0.192,0.1881
proj_pca_64,64,B,0.3,0.1505,10,8,1,0.1694,0.1717
proj_pca_64,64,B,0.3,0.1505,10,8,3,0.1694,0.1717
proj_pca_64,64,B,0.3,0.1505,10,8,5,0.1694,0.1717
proj_pca_64,64,B,0.3,0.1505,10,8,10,0.1694,0.1717
proj_pca_64,64,B,0.3,0.1505,10,8,20,0.1694,0.1717
proj_pca_64,64,B,0.3,0.1505,12,2,1,0.105,0.1049
proj_pca_64,64,B,0.3,0.1505,12,2,3,0.1044,0.1029
proj_pca_64,64,B,0.3,0.1505,12,2,5,0.1044,0.1029
proj_pca_64,64,B,0.3,0.1505,12,2,10,0.1044,0.1028
proj_pca_64,64,B,0.3,0.1505,12,2,20,0.1044,0.1028
proj_pca_64,64,B,0.3,0.1505,12,3,1,0.1364,0.134
proj_pca_64,64,B,0.3,0.1505,12,3,3,0.1364,0.134
proj_pca_64,64,B,0.3,0.1505,12,3,5,0.1364,0.134
proj_pca_64,64,B,0.3,0.1505,12,3,10,0.1364,0.134
proj_pca_64,64,B,0.3,0.1505,12,3,20,0.1364,0.134
proj_pca_64,64,B,0.3,0.1505,12,4,1,0.1258,0.1318
proj_pca_64,64,B,0.3,0.1505,12,4,3,0.1258,0.1318
proj_pca_64,64,B,0.3,0.1505,12,4,5,0.1258,0.1318
proj_pca_64,64,B,0.3,0.1505,12,4,10,0.1258,0.1318
proj_pca_64,64,B,0.3,0.1505,12,4,20,0.1258,0.1318
proj_pca_64,64,B,0.3,0.1505,12,6,1,0.1916,0.1884
proj_pca_64,64,B,0.3,0.1505,12,6,3,0.1916,0.1884
proj_pca_64,64,B,0.3,0.1505,12,6,5,0.1916,0.1884
proj_pca_64,64,B,0.3,0.1505,12,6,10,0.1916,0.1884
proj_pca_64,64,B,0.3,0.1505,12,6,20,0.1916,0.1884
proj_pca_64,64,B,0.3,0.1505,12,8,1,0.1698,0.1718
proj_pca_64,64,B,0.3,0.1505,12,8,3,0.1698,0.1718
proj_pca_64,64,B,0.3,0.1505,12,8,5,0.1698,0.1718
proj_pca_64,64,B,0.3,0.1505,12,8,10,0.1698,0.1718
proj_pca_64,64,B,0.3,0.1505,12,8,20,0.1698,0.1718
proj_sup_64,64,B,0.4,0.9245,6,2,1,0.8032,0.8027
proj_sup_64,64,B,0.4,0.9245,6,2,3,0.803,0.8026
proj_sup_64,64,B,0.4,0.9245,6,2,5,0.803,0.8026
proj_sup_64,64,B,0.4,0.9245,6,2,10,0.803,0.8026
proj_sup_64,64,B,0.4,0.9245,6,2,20,0.803,0.8026
proj_sup_64,64,B,0.4,0.9245,6,3,1,0.7846,0.795
proj_sup_64,64,B,0.4,0.9245,6,3,3,0.782,0.7926
proj_sup_64,64,B,0.4,0.9245,6,3,5,0.782,0.7926
proj_sup_64,64,B,0.4,0.9245,6,3,10,0.782,0.7926
proj_sup_64,64,B,0.4,0.9245,6,3,20,0.782,0.7926
proj_sup_64,64,B,0.4,0.9245,6,4,1,0.9044,0.9096
proj_sup_64,64,B,0.4,0.9245,6,4,3,0.9042,0.9096
proj_sup_64,64,B,0.4,0.9245,6,4,5,0.9042,0.9096
proj_sup_64,64,B,0.4,0.9245,6,4,10,0.9042,0.9096
proj_sup_64,64,B,0.4,0.9245,6,4,20,0.9042,0.9096
proj_sup_64,64,B,0.4,0.9245,6,6,1,0.8636,0.866
proj_sup_64,64,B,0.4,0.9245,6,6,3,0.8636,0.8659
proj_sup_64,64,B,0.4,0.9245,6,6,5,0.8636,0.8659
proj_sup_64,64,B,0.4,0.9245,6,6,10,0.8636,0.8659
proj_sup_64,64,B,0.4,0.9245,6,6,20,0.8636,0.8659
proj_sup_64,64,B,0.4,0.9245,6,8,1,0.8602,0.859
proj_sup_64,64,B,0.4,0.9245,6,8,3,0.8602,0.8589
proj_sup_64,64,B,0.4,0.9245,6,8,5,0.8602,0.8589
proj_sup_64,64,B,0.4,0.9245,6,8,10,0.8602,0.8589
proj_sup_64,64,B,0.4,0.9245,6,8,20,0.8602,0.8589
proj_sup_64,64,B,0.4,0.9245,8,2,1,0.802,0.8023
proj_sup_64,64,B,0.4,0.9245,8,2,3,0.8018,0.8022
proj_sup_64,64,B,0.4,0.9245,8,2,5,0.8018,0.8022
proj_sup_64,64,B,0.4,0.9245,8,2,10,0.8018,0.8022
proj_sup_64,64,B,0.4,0.9245,8,2,20,0.8018,0.8022
proj_sup_64,64,B,0.4,0.9245,8,3,1,0.7858,0.7974
proj_sup_64,64,B,0.4,0.9245,8,3,3,0.7832,0.7956
proj_sup_64,64,B,0.4,0.9245,8,3,5,0.7832,0.7956
proj_sup_64,64,B,0.4,0.9245,8,3,10,0.7832,0.7956
proj_sup_64,64,B,0.4,0.9245,8,3,20,0.7832,0.7956
proj_sup_64,64,B,0.4,0.9245,8,4,1,0.9062,0.911
proj_sup_64,64,B,0.4,0.9245,8,4,3,0.9062,0.911
proj_sup_64,64,B,0.4,0.9245,8,4,5,0.9062,0.911
proj_sup_64,64,B,0.4,0.9245,8,4,10,0.9062,0.911
proj_sup_64,64,B,0.4,0.9245,8,4,20,0.9062,0.911
proj_sup_64,64,B,0.4,0.9245,8,6,1,0.8664,0.869
proj_sup_64,64,B,0.4,0.9245,8,6,3,0.8664,0.8689
proj_sup_64,64,B,0.4,0.9245,8,6,5,0.8664,0.8689
proj_sup_64,64,B,0.4,0.9245,8,6,10,0.8664,0.8689
proj_sup_64,64,B,0.4,0.9245,8,6,20,0.8664,0.8689
proj_sup_64,64,B,0.4,0.9245,8,8,1,0.8608,0.8642
proj_sup_64,64,B,0.4,0.9245,8,8,3,0.8608,0.8641
proj_sup_64,64,B,0.4,0.9245,8,8,5,0.8608,0.8641
proj_sup_64,64,B,0.4,0.9245,8,8,10,0.8608,0.8641
proj_sup_64,64,B,0.4,0.9245,8,8,20,0.8608,0.8641
proj_sup_64,64,B,0.4,0.9245,10,2,1,0.8024,0.802
proj_sup_64,64,B,0.4,0.9245,10,2,3,0.8022,0.8019
proj_sup_64,64,B,0.4,0.9245,10,2,5,0.8022,0.8019
proj_sup_64,64,B,0.4,0.9245,10,2,10,0.8022,0.8019
proj_sup_64,64,B,0.4,0.9245,10,2,20,0.8022,0.8019
proj_sup_64,64,B,0.4,0.9245,10,3,1,0.786,0.7963
proj_sup_64,64,B,0.4,0.9245,10,3,3,0.7834,0.7945
proj_sup_64,64,B,0.4,0.9245,10,3,5,0.7834,0.7945
proj_sup_64,64,B,0.4,0.9245,10,3,10,0.7834,0.7945
proj_sup_64,64,B,0.4,0.9245,10,3,20,0.7834,0.7945
proj_sup_64,64,B,0.4,0.9245,10,4,1,0.908,0.9122
proj_sup_64,64,B,0.4,0.9245,10,4,3,0.908,0.9122
proj_sup_64,64,B,0.4,0.9245,10,4,5,0.908,0.9122
proj_sup_64,64,B,0.4,0.9245,10,4,10,0.908,0.9122
proj_sup_64,64,B,0.4,0.9245,10,4,20,0.908,0.9122
proj_sup_64,64,B,0.4,0.9245,10,6,1,0.8664,0.868
proj_sup_64,64,B,0.4,0.9245,10,6,3,0.8664,0.8679
proj_sup_64,64,B,0.4,0.9245,10,6,5,0.8664,0.8679
proj_sup_64,64,B,0.4,0.9245,10,6,10,0.8664,0.8679
proj_sup_64,64,B,0.4,0.9245,10,6,20,0.8664,0.8679
proj_sup_64,64,B,0.4,0.9245,10,8,1,0.8606,0.8639
proj_sup_64,64,B,0.4,0.9245,10,8,3,0.8606,0.8638
proj_sup_64,64,B,0.4,0.9245,10,8,5,0.8606,0.8638
proj_sup_64,64,B,0.4,0.9245,10,8,10,0.8606,0.8638
proj_sup_64,64,B,0.4,0.9245,10,8,20,0.8606,0.8638
proj_sup_64,64,B,0.4,0.9245,12,2,1,0.8026,0.8022
proj_sup_64,64,B,0.4,0.9245,12,2,3,0.8024,0.8021
proj_sup_64,64,B,0.4,0.9245,12,2,5,0.8024,0.8021
proj_sup_64,64,B,0.4,0.9245,12,2,10,0.8024,0.8021
proj_sup_64,64,B,0.4,0.9245,12,2,20,0.8024,0.8021
proj_sup_64,64,B,0.4,0.9245,12,3,1,0.7864,0.7966
proj_sup_64,64,B,0.4,0.9245,12,3,3,0.7838,0.7948
proj_sup_64,64,B,0.4,0.9245,12,3,5,0.7838,0.7948
proj_sup_64,64,B,0.4,0.9245,12,3,10,0.7838,0.7948
proj_sup_64,64,B,0.4,0.9245,12,3,20,0.7838,0.7948
proj_sup_64,64,B,0.4,0.9245,12,4,1,0.9072,0.9124
proj_sup_64,64,B,0.4,0.9245,12,4,3,0.9072,0.9124
proj_sup_64,64,B,0.4,0.9245,12,4,5,0.9072,0.9124
proj_sup_64,64,B,0.4,0.9245,12,4,10,0.9072,0.9124
proj_sup_64,64,B,0.4,0.9245,12,4,20,0.9072,0.9124
proj_sup_64,64,B,0.4,0.9245,12,6,1,0.867,0.868
proj_sup_64,64,B,0.4,0.9245,12,6,3,0.867,0.8679
proj_sup_64,64,B,0.4,0.9245,12,6,5,0.867,0.8679
proj_sup_64,64,B,0.4,0.9245,12,6,10,0.867,0.8679
proj_sup_64,64,B,0.4,0.9245,12,6,20,0.867,0.8679
proj_sup_64,64,B,0.4,0.9245,12,8,1,0.8614,0.8644
proj_sup_64,64,B,0.4,0.9245,12,8,3,0.8614,0.8643
proj_sup_64,64,B,0.4,0.9245,12,8,5,0.8614,0.8643
proj_sup_64,64,B,0.4,0.9245,12,8,10,0.8614,0.8643
proj_sup_64,64,B,0.4,0.9245,12,8,20,0.8614,0.8643
